1,Farlee,Reicharz,freicharz0@so-net.ne.jp,Male,44
2,Urson,de Cullip,udecullip1@bravesites.com,Male,22
3,Jere,Tolley,jtolley2@smugmug.com,Male,64
4,Charline,Elldred,celldred3@reddit.com,Female,53
5,Tedi,Ogus,togus4@ifeng.com,Female,47
6,Rollins,Gould,rgould5@github.com,Male,34
7,Sylvan,Clementel,sclementel6@joomla.org,Male,27
8,Tomi,Lindner,tlindner7@theguardian.com,Female,28
9,Karina,Ryrie,kryrie8@ucoz.com,Female,65
10,Keefe,Clemenza,kclemenza9@ow.ly,Male,59
11,Dario,Leband,dlebanda@youku.com,Male,52
12,Margit,Mocker,mmockerb@cnbc.com,Female,22
13,Roy,MacFadden,rmacfaddenc@phoca.cz,Male,37
14,Liam,Glazier,lglazierd@bloomberg.com,Male,56
15,Lenci,MacCaull,lmaccaulle@phoca.cz,Male,60
16,Giacopo,Fuggles,gfugglesf@icio.us,Male,43
17,Gearard,Emeline,gemelineg@mail.ru,Bigender,24
18,Conan,Chrichton,cchrichtonh@nytimes.com,Male,41
19,Francesca,Whatling,fwhatlingi@youku.com,Female,56
20,Paul,Have,phavej@example.com,Male,39
21,Nat,Pitkeathly,npitkeathlyk@instagram.com,Female,55
22,Lorry,Morratt,lmorrattl@discovery.com,Female,60
23,Fiann,Jeacock,fjeacockm@yandex.ru,Female,43
24,Marge,Sole,msolen@ox.ac.uk,Female,65
25,Eveline,Cordrey,ecordreyo@list-manage.com,Female,55
26,Minetta,Guile,mguilep@mapquest.com,Female,51
27,Heath,Corkett,hcorkettq@yahoo.com,Male,31
28,Olvan,Jeaffreson,ojeaffresonr@chicagotribune.com,Male,32
29,Lacie,Pizey,lpizeys@boston.com,Female,34
30,Bonny,Brumhead,bbrumheadt@stumbleupon.com,Female,43
31,Rivi,Finch,rfinchu@jiathis.com,Female,52
32,Sigismondo,Becks,sbecksv@taobao.com,Male,42
33,Ezechiel,Stackbridge,estackbridgew@sciencedaily.com,Male,26
34,Kathye,Stilwell,kstilwellx@zimbio.com,Female,47
35,Fran,Iacovuzzi,fiacovuzziy@comsenz.com,Female,55
36,Teodor,Bowerman,tbowermanz@jalbum.net,Male,64
37,Aretha,Josiah,ajosiah10@godaddy.com,Female,24
38,Suzann,Dove,sdove11@feedburner.com,Female,29
39,Sherm,Robke,srobke12@vistaprint.com,Male,61
40,Jsandye,Dannell,jdannell13@godaddy.com,Female,43
41,Fairlie,Castan,fcastan14@cdbaby.com,Male,30
42,Jamima,Beardshaw,jbeardshaw15@google.es,Female,26
43,Gwenni,Spyvye,gspyvye16@github.com,Female,19
44,Keefe,Roselli,kroselli17@auda.org.au,Male,58
45,Nataniel,Bettenay,nbettenay18@yellowbook.com,Male,27
46,Gerry,Avramovich,gavramovich19@apple.com,Female,26
47,Felecia,Strank,fstrank1a@miitbeian.gov.cn,Female,33
48,Floyd,Aburrow,faburrow1b@wordpress.org,Male,46
49,Lazar,Kerner,lkerner1c@mashable.com,Male,29
50,Antonetta,Doring,adoring1d@gmpg.org,Female,28